{
  "version": 1,
  "author": "Anonymous maker",
  "editor": "wokwi",
  "parts": [
    { "type": "wokwi-breadboard-half", "id": "bb1", "top": -195, "left": -54.8, "attrs": {} },
    { "type": "wokwi-arduino-uno", "id": "uno", "top": 58.2, "left": -29.4, "attrs": {} },
    { "type": "wokwi-dht22", "id": "dht1", "top": -182.1, "left": -24.6, "attrs": {} },
    { "type": "wokwi-hc-sr04", "id": "ultrasonic1", "top": -142.5, "left": 43.9, "attrs": {} },
    { "type": "wokwi-servo", "id": "servo1", "top": -69.2, "left": 336, "attrs": {} },
    {
      "type": "wokwi-photoresistor-sensor",
      "id": "ldr1",
      "top": 89.4,
      "left": 286,
      "rotate": 180,
      "attrs": {}
    }
  ],
  "connections": [
    [ "uno:GND.3", "bb1:bn.1", "black", [ "v28.7", "h-216.8", "v-230.4", "h48" ] ],
    [ "uno:5V", "bb1:bp.1", "red", [ "v19.1", "h-207.4", "v-268.8" ] ],
    [ "dht1:VCC", "bb1:3b.g", "", [ "$bb" ] ],
    [ "dht1:SDA", "bb1:4b.g", "", [ "$bb" ] ],
    [ "dht1:NC", "bb1:5b.g", "", [ "$bb" ] ],
    [ "dht1:GND", "bb1:6b.g", "", [ "$bb" ] ],
    [ "bb1:3b.h", "bb1:bp.2", "red", [ "v0" ] ],
    [ "bb1:4b.h", "uno:2", "green", [ "v86.4", "h19.2" ] ],
    [ "bb1:6b.i", "bb1:bn.5", "black", [ "v0" ] ],
    [ "ultrasonic1:VCC", "bb1:16b.i", "", [ "$bb" ] ],
    [ "ultrasonic1:TRIG", "bb1:17b.i", "", [ "$bb" ] ],
    [ "ultrasonic1:ECHO", "bb1:18b.i", "", [ "$bb" ] ],
    [ "ultrasonic1:GND", "bb1:19b.i", "", [ "$bb" ] ],
    [ "bb1:16b.j", "bb1:bp.13", "red", [ "v0" ] ],
    [ "bb1:19b.j", "bb1:bn.15", "black", [ "v0" ] ],
    [ "bb1:17b.j", "uno:7", "gold", [ "v76.8", "h28.8" ] ],
    [ "bb1:18b.j", "uno:8", "violet", [ "v86.4", "h9.6" ] ],
    [ "servo1:GND", "bb1:bn.25", "black", [ "h-48", "v19.2" ] ],
    [ "servo1:V+", "bb1:bp.25", "red", [ "h0" ] ],
    [ "servo1:PWM", "uno:9", "orange", [ "h-28.8", "v38.6", "h-182.4" ] ],
    [ "ldr1:VCC", "bb1:bp.22", "red", [ "h-28.8", "v-115.2", "h-38.4" ] ],
    [ "ldr1:GND", "bb1:bn.18", "black", [ "h-9.6", "v-105.2", "h-105.6" ] ],
    [ "ldr1:AO", "uno:A0", "green", [ "h-38.4", "v202.3", "h-67.2", "v-19.2" ] ]
  ],
  "dependencies": {}
}